passenger_ID,First_Name,Last_Name,flight_ID,Password
1,Orlanda,Karrie,98,123
2,Masahiro,Sakurai,98,123
3,Tebogo,Enyonam,98,123
4,Karin,Hoshi,98,123
5,Charlot,Rosemeonde,98,123
6,Damien,Rosemeonde,98,123
7,Yu-Mi,Ayame,100,123
8,Aron,Andreas,100,123
9,Anders,Karoline,100,123
10,Konrad,Torger,100,123
11,John,Baseball,100,123
12,Misa,Amane,100,123
13,John,Tanaka,100,123
14,Marcelline,Diane,100,123
15,Caroline,Muriel,100,123
16,Krystiana,Britt,100,123
17,Joseph,Marquez,100,123
18,Hideo,Kojima,226,123
19,Bor,Hortensius,226,123
